customer_id,full_name,customer_email,phone_number,signup_date,plan_tier,contract_type,monthly_spend_myr
CUST0001,Grace Garcia,grace.garcia4@swiftgrove.io,+60121819600,2025-04-21,Starter,Monthly,49
CUST0002,Taylor Johansson,taylor.johansson30@cedarforge.io,+60138637940,2023-05-30,Pro,Monthly,199
CUST0003,Riley Novak,riley.novak44@brightpeak.com,+60161161559,2022-04-11,Starter,Monthly,49
CUST0004,Priya Smith,priya.smith94@silverstone.com,+601184959310,2024-06-07,Pro,Monthly,199
CUST0005,Omar Osei,omar.osei99@brightpeak.com,+60131647525,2021-10-05,Enterprise,Annual,1499
CUST0006,Diego Johansson,diego.johansson86@brightpeak.com,+601192832764,2022-09-22,Pro,Monthly,199
CUST0007,Grace Mercer,grace.mercer29@clearyard.com,+60103056413,2022-04-01,Starter,Monthly,49
CUST0008,Maya Silva,maya.silva28@clearyard.com,+60182423884,2021-08-06,Starter,Monthly,49
CUST0009,Kenji Blake,kenji.blake55@orbitpath.co,+60128710122,2025-04-29,Starter,Monthly,49
CUST0010,Omar Novak,omar.novak77@outlook.com,+60188480184,2023-03-20,Starter,Monthly,49
CUST0011,Grace Silva,grace.silva15@brightpeak.com,+60104828148,2024-01-05,Starter,Monthly,49
CUST0012,Lucas Johansson,lucas.johansson20@nimbuswave.io,+60190957015,2023-07-14,Pro,Monthly,199
CUST0013,Wei Osei,wei.osei8@icloud.com,+601171822782,2026-02-11,Enterprise,Annual,1499
CUST0014,Priya Fischer,priya.fischer78@vertexlogix.co,+60134657871,2023-07-14,Enterprise,Annual,1499
CUST0015,Sam Osei,sam.osei9@nimbuswave.io,+60139301031,2023-06-14,Free,Monthly,0
CUST0017,Liam Novak,liam.novak25@outlook.com,+60166670106,2024-02-21,Free,Monthly,0
CUST0018,Kenji Silva,kenji.silva14@icloud.com,+60182624731,2023-07-20,Starter,Monthly,49
CUST0019,Ava Mercer,ava.mercer13@gmail.com,+60101326773,2023-07-11,Pro,Monthly,199
CUST0021,Wei Johansson,wei.johansson8@orbitpath.co,+60160097882,2026-03-20,Pro,Monthly,199
CUST0022,Jordan Fischer,jordan.fischer11@yahoo.com,+60136193990,2026-03-05,Free,Monthly,0
CUST0023,Lucas Patel,lucas.patel54@clearyard.com,+60164353462,2023-08-17,Pro,Monthly,199
CUST0024,Omar Whitfield,omar.whitfield39@silverstone.com,+601107991183,2022-05-05,Starter,Monthly,49
CUST0025,Sofia Rossi,sofia.rossi17@nimbuswave.io,+60135427849,2021-08-17,Enterprise,Annual,1499
CUST0026,Grace Fischer,grace.fischer2@clearyard.com,+601124118244,2024-11-16,Pro,Monthly,199
CUST0027,Lucas Johansson,lucas.johansson92@nimbuswave.io,+60148740164,2023-01-01,Starter,Monthly,49
CUST0029,Ines Kim,ines.kim70@gmail.com,+60192620450,2023-04-17,Pro,Monthly,199
CUST0030,Diego Johansson,diego.johansson88@icloud.com,+60196923226,2024-07-28,Pro,Monthly,199
CUST0031,Alex Brown,alex.brown95@nimbuswave.io,+60134216073,2024-03-31,Pro,Monthly,199
CUST0034,Jordan Garcia,jordan.garcia77@vertexlogix.co,+60166981693,2022-02-23,Starter,Monthly,49
CUST0036,Omar Garcia,omar.garcia93@brightpeak.com,+60175648236,2022-10-26,Pro,Monthly,199
CUST0037,Omar Okafor,omar.okafor87@swiftgrove.io,+60146804436,2023-02-08,Enterprise,Annual,1499
CUST0038,Maya Reyes,maya.reyes84@nimbuswave.io,+60138721489,2024-01-29,Starter,Monthly,49
CUST0039,Fatima Patel,fatima.patel97@icloud.com,+60132003791,2025-04-18,Pro,Monthly,199
CUST0040,Ava Novak,ava.novak81@orbitpath.co,+60177632016,2022-08-26,Starter,Monthly,49
CUST0041,Sam Brown,sam.brown90@cedarforge.io,+60131727889,2023-06-07,Starter,Monthly,49
CUST0042,Fatima Hassan,fatima.hassan79@swiftgrove.io,+60197277434,2024-03-01,Enterprise,Annual,1499
CUST0043,Sofia Larsen,sofia.larsen81@icloud.com,+60143455812,2026-02-14,Starter,Monthly,49
CUST0044,Casey Osei,casey.osei50@swiftgrove.io,+601166587603,2025-05-10,Starter,Monthly,49
CUST0045,Noah Okafor,noah.okafor99@orbitpath.co,+60177054668,2026-06-12,Enterprise,Annual,1499
CUST0046,Kenji Mercer,kenji.mercer78@icloud.com,+60177065627,2025-01-10,Starter,Monthly,49
CUST0047,Casey Reyes,casey.reyes69@gmail.com,+60101627204,2023-03-28,Enterprise,Annual,1499
CUST0048,Olivia Silva,olivia.silva28@silverstone.com,+60174641708,2022-04-16,Starter,Monthly,49
CUST0049,Jordan Chen,jordan.chen29@clearyard.com,+60100330923,2022-11-26,Free,Monthly,0
CUST0050,Casey Larsen,casey.larsen86@outlook.com,+60184529912,2025-05-02,Pro,Monthly,199
CUST0051,Wei Garcia,wei.garcia75@gmail.com,+60176319314,2023-04-30,Enterprise,Annual,1499
CUST0052,Omar Reyes,omar.reyes16@orbitpath.co,+60196518506,2024-08-10,Pro,Monthly,199
CUST0053,Liam Garcia,liam.garcia56@nimbuswave.io,+60182628498,2021-11-28,Pro,Monthly,199
CUST0054,Liam Hassan,liam.hassan56@swiftgrove.io,+60131473799,2024-09-30,Pro,Monthly,199
CUST0055,Omar Okafor,omar.okafor44@gmail.com,+60127354549,2024-09-25,Starter,Monthly,49
CUST0056,Ines Rossi,ines.rossi72@gmail.com,+601136783777,2025-06-26,Pro,Monthly,199
CUST0057,Alex Patel,alex.patel38@icloud.com,+60149578856,2025-03-11,Starter,Monthly,49
CUST0058,Kenji Mercer,kenji.mercer43@nimbuswave.io,+60144313518,2025-01-14,Pro,Monthly,199
CUST0059,Ines Brown,ines.brown25@icloud.com,+60199413435,2025-01-02,Pro,Monthly,199
CUST0060,Riley Muller,riley.muller2@swiftgrove.io,+60100842710,2025-01-07,Pro,Monthly,199
CUST0061,Maya Muller,maya.muller61@silverstone.com,+60104711671,2025-07-10,Starter,Monthly,49
CUST0062,Maya Whitfield,maya.whitfield88@gmail.com,+60141318699,2022-01-03,Starter,Monthly,49
CUST0063,Lucas Osei,lucas.osei67@vertexlogix.co,+60149649909,2024-01-28,Starter,Monthly,49
CUST0065,Ava Reyes,ava.reyes61@brightpeak.com,+60147134936,2024-12-09,Free,Monthly,0
CUST0067,Ava Garcia,ava.garcia60@swiftgrove.io,+60148877190,2024-04-19,Starter,Monthly,49
CUST0068,Noah Silva,noah.silva78@brightpeak.com,+60104902787,2025-04-10,Free,Monthly,0
CUST0069,Priya Brown,priya.brown75@vertexlogix.co,+601175655125,2023-10-19,Pro,Monthly,199
CUST0071,Olivia Fischer,olivia.fischer1@clearyard.com,+60170385977,2023-12-19,Enterprise,Annual,1499
CUST0072,Jordan Johansson,jordan.johansson35@cedarforge.io,+60187109324,2024-12-10,Free,Monthly,0
CUST0073,Ethan Nguyen,ethan.nguyen71@vertexlogix.co,+601171274846,2021-11-02,Free,Monthly,0
CUST0074,Liam Larsen,liam.larsen32@silverstone.com,+60139821465,2024-05-28,Pro,Monthly,199
CUST0075,Sofia Rossi,sofia.rossi1@brightpeak.com,+60182787558,2021-11-10,Pro,Monthly,199
CUST0076,Ethan Okafor,ethan.okafor59@nimbuswave.io,+60139636057,2022-08-24,Enterprise,Annual,1499
CUST0077,Ines Okafor,ines.okafor50@clearyard.com,+60127028951,2022-11-25,Pro,Monthly,199
CUST0078,Ava Garcia,ava.garcia68@silverstone.com,+60172174596,2025-09-30,Free,Monthly,0
CUST0079,Grace Patel,grace.patel43@clearyard.com,+60167809134,2024-06-04,Enterprise,Annual,1499
CUST0080,Sam Patel,sam.patel56@outlook.com,+601172400504,2022-08-11,Pro,Monthly,199
CUST0081,Diego Chen,diego.chen56@yahoo.com,+60122219693,2024-03-31,Starter,Monthly,49
CUST0083,Ava Chen,ava.chen76@brightpeak.com,+60147436713,2024-03-06,Pro,Monthly,199
CUST0084,Olivia Blake,olivia.blake46@orbitpath.co,+60140640909,2022-08-20,Starter,Monthly,49
CUST0085,Kenji Larsen,kenji.larsen37@icloud.com,+60133942104,2024-07-31,Pro,Monthly,199
CUST0086,Ava Smith,ava.smith75@nimbuswave.io,+60145623285,2026-01-19,Pro,Monthly,199
CUST0087,Sofia Fischer,sofia.fischer35@yahoo.com,+60184517123,2021-12-07,Starter,Monthly,49
CUST0088,Omar Adeyemi,omar.adeyemi51@cedarforge.io,+60170481754,2022-02-14,Starter,Monthly,49
CUST0089,Maya Okafor,maya.okafor82@nimbuswave.io,+60180985931,2025-03-31,Free,Monthly,0
CUST0090,Grace Hassan,grace.hassan90@brightpeak.com,+60120047113,2025-11-26,Pro,Monthly,199
CUST0091,Ethan Kim,ethan.kim50@silverstone.com,+60196926179,2022-05-23,Starter,Monthly,49
CUST0092,Noah Rossi,noah.rossi5@swiftgrove.io,+60183515850,2024-01-26,Starter,Monthly,49
CUST0093,Olivia Rossi,olivia.rossi25@outlook.com,+60181390053,2021-12-08,Enterprise,Annual,1499
CUST0094,Casey Blake,casey.blake27@outlook.com,+60139335290,2023-06-13,Pro,Monthly,199
CUST0095,Priya Kim,priya.kim17@cedarforge.io,+601102053950,2025-07-30,Starter,Monthly,49
CUST0096,Riley Rossi,riley.rossi7@yahoo.com,+601117758917,2023-08-10,Pro,Monthly,199
CUST0097,Sofia Osei,sofia.osei79@gmail.com,+60194700766,2021-06-17,Pro,Monthly,199
CUST0099,Ethan Silva,ethan.silva49@orbitpath.co,+60199611836,2024-01-05,Pro,Monthly,199
CUST0100,Ava Osei,ava.osei53@nimbuswave.io,+60171565452,2024-04-27,Pro,Monthly,199
CUST0101,Omar Larsen,omar.larsen9@outlook.com,+60171528098,2026-01-13,Pro,Monthly,199
CUST0102,Ethan Silva,ethan.silva86@outlook.com,+60170494519,2021-08-28,Starter,Monthly,49
CUST0103,Sofia Johansson,sofia.johansson20@clearyard.com,+601158514936,2021-10-21,Starter,Monthly,49
CUST0104,Ethan Reyes,ethan.reyes79@clearyard.com,+60140244550,2026-05-30,Pro,Monthly,199
CUST0105,Riley Kim,riley.kim73@clearyard.com,+60101836675,2025-10-05,Starter,Monthly,49
CUST0106,Riley Chen,riley.chen40@swiftgrove.io,+601102290147,2023-05-17,Starter,Monthly,49
CUST0107,Omar Novak,omar.novak63@orbitpath.co,+60138156149,2025-01-09,Starter,Monthly,49
CUST0108,Liam Fischer,liam.fischer86@brightpeak.com,+60100343244,2024-05-04,Free,Monthly,0
CUST0109,Fatima Garcia,fatima.garcia1@silverstone.com,+60126838851,2025-07-28,Pro,Monthly,199
CUST0110,Olivia Smith,olivia.smith56@gmail.com,+60169696641,2026-02-13,Starter,Monthly,49
CUST0112,Olivia Fischer,olivia.fischer11@vertexlogix.co,+60163521818,2022-05-17,Enterprise,Annual,1499
CUST0113,Sofia Johansson,sofia.johansson45@nimbuswave.io,+60123124329,2021-12-18,Pro,Monthly,199
CUST0114,Casey Whitfield,casey.whitfield10@yahoo.com,+60187997995,2023-01-13,Enterprise,Annual,1499
CUST0116,Ava Hassan,ava.hassan5@gmail.com,+601119986798,2024-12-12,Starter,Monthly,49
CUST0117,Kenji Smith,kenji.smith58@orbitpath.co,+60188207151,2024-10-02,Pro,Monthly,199
CUST0118,Sofia Whitfield,sofia.whitfield23@gmail.com,+60188892554,2024-02-07,Starter,Monthly,49
CUST0119,Olivia Novak,olivia.novak44@clearyard.com,+60161518644,2022-02-17,Pro,Monthly,199
CUST0120,Kenji Adeyemi,kenji.adeyemi78@yahoo.com,+60125462914,2023-04-16,Starter,Monthly,49
CUST0121,Ethan Okafor,ethan.okafor83@nimbuswave.io,+60191685054,2022-10-19,Pro,Monthly,199
CUST0122,Riley Johansson,riley.johansson44@silverstone.com,+60121418880,2025-10-14,Starter,Monthly,49
CUST0123,Omar Silva,omar.silva99@orbitpath.co,+60122292706,2024-06-11,Free,Monthly,0
CUST0124,Diego Adeyemi,diego.adeyemi93@icloud.com,+60147383473,2023-02-18,Enterprise,Annual,1499
CUST0125,Diego Adeyemi,diego.adeyemi74@silverstone.com,+60178862392,2024-12-22,Starter,Monthly,49
CUST0127,Casey Novak,casey.novak12@icloud.com,+60160606853,2021-08-06,Pro,Monthly,199
CUST0128,Olivia Patel,olivia.patel48@icloud.com,+60162204727,2026-01-01,Free,Monthly,0
CUST0129,Ava Reyes,ava.reyes1@outlook.com,+60128986143,2025-05-07,Free,Monthly,0
CUST0130,Wei Garcia,wei.garcia7@icloud.com,+60181179808,2022-02-08,Starter,Monthly,49
CUST0131,Maya Osei,maya.osei92@yahoo.com,+60163962185,2026-07-19,Starter,Monthly,49
CUST0132,Taylor Fischer,taylor.fischer70@cedarforge.io,+60190670654,2023-09-17,Pro,Monthly,199
CUST0133,Kenji Nguyen,kenji.nguyen46@outlook.com,+601195205852,2022-06-12,Starter,Monthly,49
CUST0134,Omar Hassan,omar.hassan90@silverstone.com,+60121704303,2022-01-03,Pro,Monthly,199
CUST0135,Jordan Silva,jordan.silva40@cedarforge.io,+60197403450,2021-12-26,Starter,Monthly,49
CUST0136,Grace Silva,grace.silva35@outlook.com,+60177652775,2024-02-09,Pro,Monthly,199
CUST0137,Sofia Rossi,sofia.rossi11@swiftgrove.io,+60128451154,2024-02-22,Starter,Monthly,49
CUST0138,Wei Hassan,wei.hassan78@swiftgrove.io,+60185705964,2022-09-09,Starter,Monthly,49
CUST0139,Grace Smith,grace.smith10@clearyard.com,+60192029702,2024-07-08,Pro,Monthly,199
CUST0140,Taylor Osei,taylor.osei83@nimbuswave.io,+60109275571,2023-05-18,Starter,Monthly,49
CUST0141,Maya Kim,maya.kim68@nimbuswave.io,+60143102786,2022-11-30,Starter,Monthly,49
CUST0142,Ethan Garcia,ethan.garcia34@brightpeak.com,+60147312172,2025-05-09,Pro,Monthly,199
CUST0143,Ines Hassan,ines.hassan12@clearyard.com,+60161884422,2024-10-06,Enterprise,Annual,1499
CUST0144,Diego Fischer,diego.fischer29@outlook.com,+60123705895,2022-02-11,Enterprise,Annual,1499
CUST0145,Ava Mercer,ava.mercer17@orbitpath.co,+60146786691,2026-03-10,Enterprise,Annual,1499
CUST0146,Casey Silva,casey.silva83@outlook.com,+60195289226,2022-09-29,Starter,Monthly,49
CUST0147,Sofia Smith,sofia.smith16@cedarforge.io,+60125358414,2025-08-19,Starter,Monthly,49
CUST0148,Jamie Whitfield,jamie.whitfield71@brightpeak.com,+60191829922,2024-11-09,Free,Monthly,0
CUST0149,Omar Reyes,omar.reyes93@orbitpath.co,+60100109439,2023-05-25,Starter,Monthly,49
CUST0150,Noah Reyes,noah.reyes82@gmail.com,+60194473647,2023-01-15,Starter,Monthly,49
CUST0151,Taylor Smith,taylor.smith21@silverstone.com,+60135925556,2023-12-14,Starter,Monthly,49
CUST0152,Casey Chen,casey.chen66@cedarforge.io,+60181473210,2025-03-14,Free,Monthly,0
CUST0153,Wei Okafor,wei.okafor79@vertexlogix.co,+60125953278,2021-09-14,Starter,Monthly,49
CUST0154,Ava Larsen,ava.larsen40@silverstone.com,+60197339500,2024-05-08,Free,Monthly,0
CUST0155,Wei Larsen,wei.larsen77@clearyard.com,+60190162456,2024-12-14,Pro,Monthly,199
CUST0156,Diego Smith,diego.smith52@gmail.com,+60168416878,2025-06-19,Pro,Monthly,199
CUST0157,Priya Reyes,priya.reyes88@orbitpath.co,+60175585239,2026-01-05,Free,Monthly,0
CUST0158,Sofia Okafor,sofia.okafor65@gmail.com,+60167872982,2025-10-15,Free,Monthly,0
CUST0159,Fatima Reyes,fatima.reyes41@yahoo.com,+60149588879,2023-02-06,Starter,Monthly,49
CUST0160,Wei Larsen,wei.larsen3@nimbuswave.io,+60179409749,2025-12-10,Starter,Monthly,49
CUST0161,Maya Osei,maya.osei93@gmail.com,+60199623091,2025-08-07,Pro,Monthly,199
CUST0163,Jamie Mercer,jamie.mercer42@clearyard.com,+60162785854,2024-06-11,Starter,Monthly,49
CUST0164,Lucas Larsen,lucas.larsen25@icloud.com,+60134437575,2024-11-18,Starter,Monthly,49
CUST0165,Ethan Rossi,ethan.rossi37@outlook.com,+60176524041,2023-07-06,Pro,Monthly,199
CUST0166,Diego Hassan,diego.hassan84@brightpeak.com,+60138484219,2025-05-10,Pro,Monthly,199
CUST0167,Kenji Blake,kenji.blake31@icloud.com,+60193301657,2021-06-25,Free,Monthly,0
CUST0168,Morgan Adeyemi,morgan.adeyemi99@yahoo.com,+60126773454,2023-06-21,Free,Monthly,0
CUST0169,Grace Smith,grace.smith99@outlook.com,+60190262067,2025-04-03,Pro,Monthly,199
CUST0170,Riley Muller,riley.muller5@gmail.com,+601154788728,2023-03-06,Starter,Monthly,49
CUST0171,Ava Rossi,ava.rossi25@outlook.com,+60184205493,2022-06-16,Starter,Monthly,49
CUST0172,Riley Reyes,riley.reyes82@vertexlogix.co,+60161612275,2023-09-01,Pro,Monthly,199
CUST0173,Sam Nguyen,sam.nguyen34@vertexlogix.co,+60145499045,2022-05-01,Starter,Monthly,49
CUST0175,Sam Osei,sam.osei18@silverstone.com,+60166878339,2022-05-13,Starter,Monthly,49
CUST0176,Taylor Fischer,taylor.fischer58@cedarforge.io,+601108839822,2026-02-13,Pro,Monthly,199
CUST0177,Fatima Fischer,fatima.fischer57@outlook.com,+60181870728,2022-07-15,Pro,Monthly,199
CUST0178,Noah Hassan,noah.hassan73@gmail.com,+60140640391,2022-10-14,Pro,Monthly,199
CUST0179,Jordan Novak,jordan.novak45@swiftgrove.io,+601170462265,2026-03-21,Free,Monthly,0
CUST0180,Olivia Hassan,olivia.hassan49@vertexlogix.co,+60192512868,2022-11-05,Free,Monthly,0
CUST0181,Casey Osei,casey.osei1@gmail.com,+60196863375,2023-12-17,Enterprise,Annual,1499
CUST0182,Casey Rossi,casey.rossi25@swiftgrove.io,+60179033119,2026-05-18,Pro,Monthly,199
CUST0183,Jordan Hassan,jordan.hassan77@clearyard.com,+60130673830,2026-04-14,Pro,Monthly,199
CUST0184,Casey Fischer,casey.fischer38@icloud.com,+60169953428,2022-06-15,Pro,Monthly,199
CUST0185,Sam Novak,sam.novak39@brightpeak.com,+60126870568,2023-03-29,Free,Monthly,0
CUST0186,Fatima Novak,fatima.novak53@yahoo.com,+60197334270,2025-07-11,Starter,Monthly,49
CUST0187,Ethan Novak,ethan.novak54@cedarforge.io,+60134351751,2024-05-18,Pro,Monthly,199
CUST0188,Ethan Johansson,ethan.johansson7@brightpeak.com,+60101398373,2023-03-02,Starter,Monthly,49
CUST0189,Fatima Muller,fatima.muller2@icloud.com,+601173936385,2022-05-26,Enterprise,Annual,1499
CUST0190,Wei Okafor,wei.okafor60@cedarforge.io,+60145877175,2024-10-29,Pro,Monthly,199
CUST0191,Jamie Chen,jamie.chen41@vertexlogix.co,+60132048996,2021-09-17,Free,Monthly,0
CUST0192,Wei Kim,wei.kim26@nimbuswave.io,+60137854777,2023-05-13,Starter,Monthly,49
CUST0193,Riley Chen,riley.chen22@yahoo.com,+60128080100,2023-10-26,Pro,Monthly,199
CUST0194,Noah Kim,noah.kim81@icloud.com,+60103875099,2025-09-16,Free,Monthly,0
CUST0195,Liam Adeyemi,liam.adeyemi63@gmail.com,+60170084840,2023-06-19,Free,Monthly,0
CUST0196,Sofia Adeyemi,sofia.adeyemi56@yahoo.com,+60192339845,2026-01-06,Free,Monthly,0
CUST0197,Priya Okafor,priya.okafor11@nimbuswave.io,+60133410166,2023-12-25,Enterprise,Annual,1499
CUST0199,Jordan Osei,jordan.osei28@swiftgrove.io,+60140148902,2023-11-22,Enterprise,Annual,1499
CUST0201,Omar Mercer,omar.mercer43@vertexlogix.co,+601185016315,2025-10-09,Pro,Monthly,199
CUST0202,Lucas Reyes,lucas.reyes77@vertexlogix.co,+60104773586,2024-09-22,Enterprise,Annual,1499
CUST0203,Noah Brown,noah.brown88@orbitpath.co,+60143114262,2026-01-28,Pro,Monthly,199
CUST0204,Kenji Okafor,kenji.okafor41@nimbuswave.io,+60147541212,2026-07-12,Free,Monthly,0
CUST0205,Noah Hassan,noah.hassan72@cedarforge.io,+60101581995,2025-12-23,Pro,Monthly,199
CUST0206,Olivia Nguyen,olivia.nguyen38@vertexlogix.co,+60193982622,2026-01-30,Starter,Monthly,49
CUST0207,Priya Muller,priya.muller35@silverstone.com,+60174647154,2025-08-14,Free,Monthly,0
CUST0208,Sam Whitfield,sam.whitfield64@orbitpath.co,+601124065965,2023-12-28,Pro,Monthly,199
CUST0210,Fatima Muller,fatima.muller95@swiftgrove.io,+60135646519,2023-04-30,Pro,Monthly,199
CUST0211,Jamie Blake,jamie.blake70@yahoo.com,+60107374167,2023-06-22,Pro,Monthly,199
CUST0212,Casey Whitfield,casey.whitfield39@icloud.com,+60176179796,2025-09-10,Starter,Monthly,49
CUST0214,Grace Reyes,grace.reyes6@orbitpath.co,+60175610143,2022-10-04,Enterprise,Annual,1499
CUST0215,Sofia Fischer,sofia.fischer72@orbitpath.co,+60185679825,2025-04-26,Pro,Monthly,199
CUST0218,Omar Brown,omar.brown95@icloud.com,+60125867362,2023-06-18,Pro,Monthly,199
CUST0219,Riley Whitfield,riley.whitfield85@vertexlogix.co,+60137966033,2022-06-03,Starter,Monthly,49
CUST0220,Priya Patel,priya.patel74@outlook.com,+60125537147,2023-07-19,Pro,Monthly,199
CUST0221,Sofia Whitfield,sofia.whitfield41@orbitpath.co,+601155792499,2024-05-10,Starter,Monthly,49
CUST0222,Taylor Adeyemi,taylor.adeyemi18@nimbuswave.io,+601125286692,2024-11-04,Free,Monthly,0
CUST0223,Maya Okafor,maya.okafor55@yahoo.com,+60128274225,2023-07-18,Starter,Monthly,49
CUST0224,Ava Reyes,ava.reyes7@nimbuswave.io,+60123688767,2023-11-03,Enterprise,Annual,1499
CUST0225,Noah Hassan,noah.hassan63@yahoo.com,+60134043842,2026-05-20,Free,Monthly,0
CUST0226,Ava Blake,ava.blake96@silverstone.com,+601148580783,2025-12-03,Pro,Monthly,199
CUST0227,Noah Garcia,noah.garcia95@clearyard.com,+60107451713,2024-11-20,Pro,Monthly,199
CUST0228,Jamie Blake,jamie.blake89@nimbuswave.io,+60172923309,2023-02-19,Enterprise,Annual,1499
CUST0229,Diego Mercer,diego.mercer36@orbitpath.co,+60144948126,2024-09-28,Pro,Monthly,199
CUST0230,Jordan Rossi,jordan.rossi84@yahoo.com,+60132536729,2025-10-24,Pro,Monthly,199
CUST0231,Grace Rossi,grace.rossi81@vertexlogix.co,+601168457759,2026-02-18,Starter,Monthly,49
CUST0232,Alex Patel,alex.patel94@silverstone.com,+60161863637,2022-08-24,Pro,Monthly,199
CUST0233,Priya Silva,priya.silva37@nimbuswave.io,+60185001701,2025-10-28,Pro,Monthly,199
CUST0234,Riley Hassan,riley.hassan59@gmail.com,+60132424154,2024-02-27,Enterprise,Annual,1499
CUST0235,Taylor Chen,taylor.chen86@clearyard.com,+60143611037,2024-05-02,Starter,Monthly,49
CUST0236,Taylor Kim,taylor.kim76@icloud.com,+60100516271,2024-01-23,Pro,Monthly,199
CUST0237,Sam Okafor,sam.okafor12@swiftgrove.io,+60165426221,2025-12-23,Pro,Monthly,199
CUST0238,Sofia Blake,sofia.blake2@orbitpath.co,+60163269731,2024-02-02,Pro,Monthly,199
CUST0239,Morgan Kim,morgan.kim97@outlook.com,+60166523413,2024-05-27,Pro,Monthly,199
CUST0240,Ethan Reyes,ethan.reyes77@swiftgrove.io,+60104389836,2022-03-10,Pro,Monthly,199
CUST0241,Wei Whitfield,wei.whitfield7@icloud.com,+60137918055,2025-12-04,Starter,Monthly,49
CUST0242,Casey Okafor,casey.okafor73@vertexlogix.co,+60127109104,2022-09-23,Starter,Monthly,49
CUST0243,Jamie Smith,jamie.smith8@vertexlogix.co,+60196661889,2023-01-12,Pro,Monthly,199
CUST0244,Casey Rossi,casey.rossi11@brightpeak.com,+60128569146,2025-06-01,Free,Monthly,0
CUST0245,Kenji Osei,kenji.osei8@icloud.com,+601179904210,2024-02-14,Free,Monthly,0
CUST0246,Ines Kim,ines.kim90@gmail.com,+60198425241,2024-08-11,Starter,Monthly,49
CUST0247,Alex Silva,alex.silva55@brightpeak.com,+601177850792,2025-01-30,Pro,Monthly,199
CUST0249,Diego Okafor,diego.okafor20@yahoo.com,+60108635365,2021-09-30,Enterprise,Annual,1499
CUST0250,Priya Patel,priya.patel74@nimbuswave.io,+60102380617,2022-10-13,Free,Monthly,0
CUST0251,Wei Muller,wei.muller42@outlook.com,+60163494937,2026-07-06,Pro,Monthly,199
CUST0252,Diego Blake,diego.blake64@icloud.com,+60132060385,2023-06-29,Pro,Monthly,199
CUST0253,Grace Nguyen,grace.nguyen43@gmail.com,+60141383670,2024-06-12,Pro,Monthly,199
CUST0254,Casey Rossi,casey.rossi12@gmail.com,+60196571918,2021-07-11,Enterprise,Annual,1499
CUST0255,Casey Whitfield,casey.whitfield51@outlook.com,+60172344565,2026-03-17,Pro,Monthly,199
CUST0256,Fatima Hassan,fatima.hassan35@icloud.com,+60129121277,2025-06-02,Free,Monthly,0
CUST0257,Fatima Novak,fatima.novak16@cedarforge.io,+60137474112,2022-03-28,Starter,Monthly,49
CUST0258,Omar Muller,omar.muller91@swiftgrove.io,+60162135680,2025-05-08,Pro,Monthly,199
CUST0259,Omar Muller,omar.muller34@yahoo.com,+60188831712,2024-04-15,Free,Monthly,0
CUST0260,Morgan Nguyen,morgan.nguyen8@icloud.com,+60175199410,2021-12-09,Free,Monthly,0
CUST0261,Taylor Johansson,taylor.johansson83@silverstone.com,+60161070296,2026-01-15,Pro,Monthly,199
CUST0262,Kenji Okafor,kenji.okafor64@gmail.com,+60125324472,2024-03-01,Starter,Monthly,49
CUST0263,Jordan Reyes,jordan.reyes80@orbitpath.co,+60186870146,2024-11-25,Starter,Monthly,49
CUST0264,Casey Novak,casey.novak26@clearyard.com,+60138065787,2023-08-11,Enterprise,Annual,1499
CUST0266,Sofia Chen,sofia.chen99@orbitpath.co,+601133480396,2025-08-30,Enterprise,Annual,1499
CUST0267,Diego Brown,diego.brown23@icloud.com,+60169059929,2022-01-13,Pro,Monthly,199
CUST0268,Jamie Larsen,jamie.larsen70@brightpeak.com,+601103930870,2026-05-06,Starter,Monthly,49
CUST0269,Fatima Reyes,fatima.reyes26@yahoo.com,+60160029218,2025-07-24,Starter,Monthly,49
CUST0270,Diego Patel,diego.patel48@swiftgrove.io,+601154522675,2024-05-03,Enterprise,Annual,1499
CUST0271,Riley Mercer,riley.mercer89@orbitpath.co,+60126442209,2025-04-21,Pro,Monthly,199
CUST0272,Olivia Blake,olivia.blake5@yahoo.com,+60139172513,2022-01-08,Pro,Monthly,199
CUST0274,Priya Garcia,priya.garcia93@gmail.com,+60172676586,2024-02-06,Free,Monthly,0
CUST0275,Morgan Larsen,morgan.larsen74@clearyard.com,+60127104054,2025-04-17,Pro,Monthly,199
CUST0276,Morgan Patel,morgan.patel44@yahoo.com,+601181599706,2025-08-27,Enterprise,Annual,1499
CUST0277,Grace Brown,grace.brown78@vertexlogix.co,+60163368844,2025-12-27,Starter,Monthly,49
CUST0278,Wei Osei,wei.osei13@gmail.com,+60182050614,2023-06-23,Starter,Monthly,49
CUST0279,Omar Whitfield,omar.whitfield77@silverstone.com,+60132417146,2026-05-31,Starter,Monthly,49
CUST0280,Liam Larsen,liam.larsen85@brightpeak.com,+60172565270,2023-07-04,Free,Monthly,0
CUST0281,Priya Hassan,priya.hassan60@brightpeak.com,+60102115869,2025-01-18,Starter,Monthly,49
CUST0282,Sam Mercer,sam.mercer8@vertexlogix.co,+60197937416,2024-03-17,Pro,Monthly,199
CUST0283,Ines Smith,ines.smith65@orbitpath.co,+60121722332,2022-01-25,Enterprise,Annual,1499
CUST0284,Jordan Novak,jordan.novak11@clearyard.com,+60129451168,2021-12-11,Starter,Monthly,49
CUST0285,Olivia Mercer,olivia.mercer42@brightpeak.com,+60109986162,2021-08-29,Pro,Monthly,199
CUST0286,Casey Blake,casey.blake76@orbitpath.co,+601191485646,2025-12-29,Pro,Monthly,199
CUST0287,Grace Larsen,grace.larsen74@orbitpath.co,+60146299606,2025-08-04,Starter,Monthly,49
CUST0288,Fatima Osei,fatima.osei7@swiftgrove.io,+60160544471,2025-01-18,Starter,Monthly,49
CUST0289,Sam Kim,sam.kim39@swiftgrove.io,+60164691373,2021-12-04,Starter,Monthly,49
CUST0291,Sofia Blake,sofia.blake4@yahoo.com,+60130307053,2021-11-20,Starter,Monthly,49
CUST0292,Priya Chen,priya.chen60@cedarforge.io,+60103579727,2025-11-11,Starter,Monthly,49
CUST0293,Maya Mercer,maya.mercer45@nimbuswave.io,+60141406029,2021-07-17,Starter,Monthly,49
CUST0294,Jamie Osei,jamie.osei83@icloud.com,+60178007229,2025-01-17,Pro,Monthly,199
CUST0295,Alex Osei,alex.osei33@orbitpath.co,+60146657437,2024-11-04,Pro,Monthly,199
CUST0296,Wei Adeyemi,wei.adeyemi67@orbitpath.co,+60108589944,2025-12-25,Starter,Monthly,49
CUST0297,Omar Garcia,omar.garcia62@outlook.com,+60164443283,2025-01-02,Starter,Monthly,49
CUST0299,Maya Blake,maya.blake25@nimbuswave.io,+60197584282,2025-04-23,Pro,Monthly,199
CUST0300,Wei Garcia,wei.garcia61@yahoo.com,+60192513534,2022-06-28,Pro,Monthly,199
CUST0301,Noah Silva,noah.silva48@brightpeak.com,+601170999173,2023-12-16,Pro,Monthly,199
CUST0302,Sofia Garcia,sofia.garcia88@vertexlogix.co,+60102235697,2024-03-28,Pro,Monthly,199
CUST0303,Casey Silva,casey.silva92@yahoo.com,+60162500743,2023-10-28,Pro,Monthly,199
CUST0304,Riley Blake,riley.blake98@yahoo.com,+601129666676,2022-04-11,Starter,Monthly,49
CUST0305,Alex Smith,alex.smith69@icloud.com,+60168300335,2026-06-24,Pro,Monthly,199
CUST0306,Wei Kim,wei.kim14@vertexlogix.co,+60121044789,2024-11-03,Pro,Monthly,199
CUST0307,Sofia Silva,sofia.silva56@clearyard.com,+60185326033,2024-08-20,Enterprise,Annual,1499
CUST0308,Kenji Kim,kenji.kim28@swiftgrove.io,+60121506489,2023-09-23,Free,Monthly,0
CUST0309,Jordan Reyes,jordan.reyes7@clearyard.com,+60100167618,2021-11-13,Free,Monthly,0
CUST0310,Priya Larsen,priya.larsen90@yahoo.com,+60104618499,2022-09-17,Starter,Monthly,49
CUST0311,Ines Kim,ines.kim54@outlook.com,+601141173934,2023-02-03,Pro,Monthly,199
CUST0312,Sofia Johansson,sofia.johansson46@swiftgrove.io,+60108737530,2025-08-28,Starter,Monthly,49
CUST0313,Alex Adeyemi,alex.adeyemi12@outlook.com,+60182181143,2022-10-21,Pro,Monthly,199
CUST0314,Ava Muller,ava.muller34@silverstone.com,+60120455611,2021-12-30,Free,Monthly,0
CUST0315,Jordan Nguyen,jordan.nguyen18@clearyard.com,+60167941552,2024-09-17,Pro,Monthly,199
CUST0316,Morgan Okafor,morgan.okafor52@silverstone.com,+60186212021,2024-05-24,Starter,Monthly,49
CUST0317,Noah Blake,noah.blake62@orbitpath.co,+60175902771,2025-07-16,Pro,Monthly,199
CUST0318,Noah Hassan,noah.hassan6@outlook.com,+60108993588,2024-10-17,Starter,Monthly,49
CUST0319,Ines Reyes,ines.reyes13@vertexlogix.co,+60185628900,2025-02-28,Pro,Monthly,199
CUST0320,Grace Brown,grace.brown65@silverstone.com,+60121753540,2021-09-06,Enterprise,Annual,1499
CUST0321,Sofia Osei,sofia.osei71@clearyard.com,+60131779717,2021-12-22,Starter,Monthly,49
CUST0322,Ava Silva,ava.silva16@silverstone.com,+601166088019,2026-06-16,Pro,Monthly,199
CUST0323,Lucas Whitfield,lucas.whitfield39@cedarforge.io,+60185503758,2022-11-20,Pro,Monthly,199
CUST0324,Lucas Reyes,lucas.reyes61@swiftgrove.io,+60181130554,2022-07-17,Pro,Monthly,199
CUST0325,Ethan Fischer,ethan.fischer48@swiftgrove.io,+60127261493,2021-07-12,Free,Monthly,0
CUST0326,Jamie Garcia,jamie.garcia51@icloud.com,+60135160917,2022-03-05,Starter,Monthly,49
CUST0327,Ava Adeyemi,ava.adeyemi76@cedarforge.io,+60108086978,2023-10-05,Free,Monthly,0
CUST0328,Riley Blake,riley.blake23@swiftgrove.io,+60179958669,2025-12-22,Pro,Monthly,199
CUST0329,Ines Osei,ines.osei36@vertexlogix.co,+60182269848,2024-11-27,Enterprise,Annual,1499
CUST0330,Fatima Mercer,fatima.mercer81@icloud.com,+60145228851,2023-01-21,Starter,Monthly,49
CUST0331,Diego Mercer,diego.mercer62@orbitpath.co,+60178460810,2022-10-25,Pro,Monthly,199
CUST0332,Olivia Kim,olivia.kim7@clearyard.com,+60124420438,2025-01-22,Free,Monthly,0
CUST0333,Jordan Chen,jordan.chen58@outlook.com,+60193863840,2022-10-08,Pro,Monthly,199
CUST0335,Maya Mercer,maya.mercer95@orbitpath.co,+60134721228,2022-06-29,Starter,Monthly,49
CUST0336,Morgan Okafor,morgan.okafor6@vertexlogix.co,+60122940572,2025-01-27,Starter,Monthly,49
CUST0337,Jordan Kim,jordan.kim42@orbitpath.co,+60147985158,2023-01-19,Free,Monthly,0
CUST0339,Omar Silva,omar.silva43@nimbuswave.io,+60197801573,2022-05-03,Starter,Monthly,49
CUST0340,Grace Reyes,grace.reyes80@icloud.com,+60166164840,2022-09-24,Enterprise,Annual,1499
CUST0341,Sofia Chen,sofia.chen66@cedarforge.io,+60143581128,2026-04-24,Starter,Monthly,49
CUST0342,Ethan Nguyen,ethan.nguyen81@outlook.com,+60136138612,2023-01-10,Starter,Monthly,49
CUST0344,Noah Okafor,noah.okafor58@clearyard.com,+60106180919,2024-10-13,Starter,Monthly,49
CUST0345,Jordan Patel,jordan.patel46@cedarforge.io,+60149147660,2022-02-22,Free,Monthly,0
CUST0346,Liam Brown,liam.brown69@icloud.com,+60194245088,2024-05-13,Free,Monthly,0
CUST0347,Casey Garcia,casey.garcia6@gmail.com,+60198143536,2024-05-06,Pro,Monthly,199
CUST0348,Grace Fischer,grace.fischer19@yahoo.com,+60143129087,2023-02-05,Starter,Monthly,49
CUST0349,Grace Mercer,grace.mercer10@brightpeak.com,+601139755231,2025-02-24,Pro,Monthly,199
CUST0350,Wei Reyes,wei.reyes9@icloud.com,+60169492995,2024-01-12,Starter,Monthly,49
CUST0351,Fatima Novak,fatima.novak22@gmail.com,+60136452577,2022-02-24,Starter,Monthly,49
CUST0352,Ava Chen,ava.chen40@silverstone.com,+601142834110,2025-07-28,Pro,Monthly,199
CUST0353,Sofia Whitfield,sofia.whitfield4@orbitpath.co,+60130848872,2022-03-30,Pro,Monthly,199
CUST0354,Diego Okafor,diego.okafor29@orbitpath.co,+60127881658,2024-12-04,Pro,Monthly,199
CUST0355,Alex Adeyemi,alex.adeyemi31@orbitpath.co,+60192722992,2022-04-24,Pro,Monthly,199
CUST0356,Kenji Larsen,kenji.larsen46@gmail.com,+60131453038,2023-10-28,Starter,Monthly,49
CUST0357,Diego Okafor,diego.okafor61@silverstone.com,+60161844989,2026-05-02,Enterprise,Annual,1499
CUST0358,Riley Okafor,riley.okafor84@vertexlogix.co,+601184638655,2022-11-22,Starter,Monthly,49
CUST0359,Liam Larsen,liam.larsen78@gmail.com,+60182318432,2025-10-11,Pro,Monthly,199
CUST0360,Riley Brown,riley.brown47@orbitpath.co,+60136517773,2025-11-22,Pro,Monthly,199
CUST0361,Maya Brown,maya.brown83@vertexlogix.co,+60129922809,2026-04-25,Free,Monthly,0
CUST0362,Casey Smith,casey.smith22@brightpeak.com,+60179904137,2023-08-29,Enterprise,Annual,1499
CUST0363,Lucas Larsen,lucas.larsen62@yahoo.com,+60129298425,2024-04-02,Starter,Monthly,49
CUST0365,Lucas Garcia,lucas.garcia23@silverstone.com,+60108811729,2023-03-12,Enterprise,Annual,1499
CUST0366,Ethan Nguyen,ethan.nguyen87@clearyard.com,+60160863765,2024-03-13,Starter,Monthly,49
CUST0367,Maya Blake,maya.blake13@vertexlogix.co,+60131498643,2023-11-18,Free,Monthly,0
CUST0368,Alex Nguyen,alex.nguyen74@cedarforge.io,+60173565126,2026-07-08,Free,Monthly,0
CUST0369,Grace Blake,grace.blake33@brightpeak.com,+60169463688,2024-03-07,Enterprise,Annual,1499
CUST0371,Ines Brown,ines.brown13@icloud.com,+60168902601,2022-02-24,Pro,Monthly,199
CUST0372,Casey Larsen,casey.larsen77@vertexlogix.co,+60135190669,2025-01-30,Free,Monthly,0
CUST0373,Grace Fischer,grace.fischer37@swiftgrove.io,+60127703843,2026-03-27,Enterprise,Annual,1499
CUST0374,Jordan Reyes,jordan.reyes66@cedarforge.io,+60120530214,2023-02-09,Pro,Monthly,199
CUST0375,Olivia Chen,olivia.chen86@vertexlogix.co,+60190118489,2025-06-07,Starter,Monthly,49
CUST0376,Diego Chen,diego.chen36@icloud.com,+60186904268,2025-06-19,Pro,Monthly,199
CUST0377,Morgan Mercer,morgan.mercer10@cedarforge.io,+60194894769,2025-11-25,Starter,Monthly,49
CUST0378,Liam Osei,liam.osei97@nimbuswave.io,+60189071416,2023-12-26,Enterprise,Annual,1499
CUST0379,Grace Osei,grace.osei87@swiftgrove.io,+60175880434,2024-10-14,Starter,Monthly,49
CUST0380,Taylor Okafor,taylor.okafor87@swiftgrove.io,+60192755394,2026-02-17,Pro,Monthly,199
CUST0381,Riley Adeyemi,riley.adeyemi25@silverstone.com,+60134333395,2025-03-29,Pro,Monthly,199
CUST0382,Casey Garcia,casey.garcia16@outlook.com,+60189080759,2022-11-02,Pro,Monthly,199
CUST0383,Fatima Larsen,fatima.larsen74@brightpeak.com,+60194639208,2022-04-09,Starter,Monthly,49
CUST0384,Noah Larsen,noah.larsen70@gmail.com,+60127187500,2024-05-07,Pro,Monthly,199
CUST0385,Omar Johansson,omar.johansson49@orbitpath.co,+60142843479,2024-07-12,Free,Monthly,0
CUST0386,Fatima Chen,fatima.chen24@silverstone.com,+60165647292,2024-03-16,Starter,Monthly,49
CUST0387,Maya Adeyemi,maya.adeyemi30@outlook.com,+60138663227,2022-01-18,Pro,Monthly,199
CUST0388,Alex Brown,alex.brown54@silverstone.com,+60198574489,2021-07-19,Free,Monthly,0
CUST0389,Jordan Okafor,jordan.okafor13@swiftgrove.io,+60147175455,2025-05-07,Starter,Monthly,49
CUST0390,Ethan Mercer,ethan.mercer33@nimbuswave.io,+60169399824,2025-11-16,Free,Monthly,0
CUST0391,Diego Silva,diego.silva87@cedarforge.io,+60181694722,2022-06-05,Starter,Monthly,49
CUST0392,Grace Silva,grace.silva54@clearyard.com,+601112535544,2024-04-15,Pro,Monthly,199
CUST0393,Lucas Whitfield,lucas.whitfield51@brightpeak.com,+60169876220,2022-03-06,Enterprise,Annual,1499
CUST0394,Casey Osei,casey.osei85@brightpeak.com,+601132611178,2022-08-17,Enterprise,Annual,1499
CUST0395,Jordan Nguyen,jordan.nguyen99@vertexlogix.co,+601149216433,2026-02-02,Pro,Monthly,199
CUST0396,Kenji Muller,kenji.muller57@clearyard.com,+60120055778,2023-08-09,Free,Monthly,0
CUST0397,Priya Mercer,priya.mercer57@yahoo.com,+60192997968,2022-08-24,Enterprise,Annual,1499
CUST0398,Grace Whitfield,grace.whitfield69@brightpeak.com,+60193174564,2023-11-09,Enterprise,Annual,1499
CUST0399,Casey Muller,casey.muller2@gmail.com,+60125478077,2022-04-22,Pro,Monthly,199
CUST0400,Wei Nguyen,wei.nguyen99@vertexlogix.co,+60130853686,2023-03-18,Pro,Monthly,199
CUST0401,Olivia Osei,olivia.osei21@swiftgrove.io,+60173416389,2024-05-15,Pro,Monthly,199
CUST0402,Ines Adeyemi,ines.adeyemi35@brightpeak.com,+60146312241,2023-07-29,Pro,Monthly,199
CUST0403,Grace Hassan,grace.hassan80@silverstone.com,+60183502080,2023-01-24,Starter,Monthly,49
CUST0404,Riley Garcia,riley.garcia37@brightpeak.com,+60103120735,2024-02-06,Free,Monthly,0
CUST0405,Noah Muller,noah.muller64@nimbuswave.io,+60105120461,2022-02-13,Starter,Monthly,49
CUST0406,Ethan Larsen,ethan.larsen24@icloud.com,+60170136730,2025-02-25,Enterprise,Annual,1499
CUST0407,Jamie Hassan,jamie.hassan95@outlook.com,+60186452088,2025-05-22,Pro,Monthly,199
CUST0408,Morgan Rossi,morgan.rossi62@clearyard.com,+60103136502,2024-07-14,Starter,Monthly,49
CUST0409,Priya Blake,priya.blake16@vertexlogix.co,+60109792513,2026-07-04,Pro,Monthly,199
CUST0410,Riley Larsen,riley.larsen12@clearyard.com,+60100528127,2022-04-19,Pro,Monthly,199
CUST0411,Sam Silva,sam.silva72@clearyard.com,+60183065240,2022-01-15,Pro,Monthly,199
CUST0412,Liam Hassan,liam.hassan72@brightpeak.com,+60139285574,2023-10-23,Pro,Monthly,199
CUST0413,Lucas Mercer,lucas.mercer21@outlook.com,+60144857086,2024-01-14,Pro,Monthly,199
CUST0414,Kenji Brown,kenji.brown3@orbitpath.co,+60135186387,2022-03-16,Enterprise,Annual,1499
CUST0415,Ethan Kim,ethan.kim79@brightpeak.com,+60161181022,2022-12-18,Starter,Monthly,49
CUST0416,Jordan Johansson,jordan.johansson14@silverstone.com,+60177899405,2026-05-18,Starter,Monthly,49
CUST0417,Sam Reyes,sam.reyes92@outlook.com,+60181705865,2025-05-21,Free,Monthly,0
CUST0418,Ines Smith,ines.smith79@brightpeak.com,+601141381138,2022-06-10,Pro,Monthly,199
CUST0419,Olivia Johansson,olivia.johansson25@cedarforge.io,+60128861957,2023-05-12,Pro,Monthly,199
CUST0420,Ines Adeyemi,ines.adeyemi55@outlook.com,+60196852897,2025-07-18,Starter,Monthly,49
CUST0421,Diego Silva,diego.silva71@nimbuswave.io,+60175939836,2024-03-30,Pro,Monthly,199
CUST0422,Ethan Rossi,ethan.rossi47@silverstone.com,+60100490824,2024-04-30,Starter,Monthly,49
CUST0423,Alex Muller,alex.muller29@icloud.com,+60148889921,2026-06-08,Enterprise,Annual,1499
CUST0424,Jordan Hassan,jordan.hassan46@yahoo.com,+60133441969,2024-07-01,Free,Monthly,0
CUST0425,Jamie Patel,jamie.patel93@nimbuswave.io,+60189194096,2025-08-02,Pro,Monthly,199
CUST0426,Taylor Smith,taylor.smith99@nimbuswave.io,+60176139060,2021-12-22,Starter,Monthly,49
CUST0427,Wei Fischer,wei.fischer6@nimbuswave.io,+60168320679,2025-09-19,Pro,Monthly,199
CUST0428,Maya Fischer,maya.fischer12@icloud.com,+60172251790,2022-02-23,Starter,Monthly,49
CUST0429,Ethan Okafor,ethan.okafor34@outlook.com,+60122783769,2024-02-14,Starter,Monthly,49
CUST0430,Jamie Mercer,jamie.mercer79@swiftgrove.io,+601146591166,2025-03-13,Pro,Monthly,199
CUST0431,Diego Chen,diego.chen25@nimbuswave.io,+60104259792,2022-11-18,Starter,Monthly,49
CUST0432,Ava Smith,ava.smith30@icloud.com,+601110392405,2025-09-06,Pro,Monthly,199
CUST0433,Ines Garcia,ines.garcia40@silverstone.com,+60138338848,2024-09-11,Starter,Monthly,49
CUST0434,Liam Reyes,liam.reyes94@yahoo.com,+60106980420,2022-10-23,Pro,Monthly,199
CUST0435,Wei Johansson,wei.johansson90@orbitpath.co,+60101645104,2023-12-13,Starter,Monthly,49
CUST0436,Grace Okafor,grace.okafor30@vertexlogix.co,+601157981238,2022-07-30,Pro,Monthly,199
CUST0437,Ava Mercer,ava.mercer92@gmail.com,+60145762055,2023-08-03,Free,Monthly,0
CUST0438,Diego Whitfield,diego.whitfield39@icloud.com,+60140460843,2023-09-30,Enterprise,Annual,1499
CUST0439,Casey Silva,casey.silva51@clearyard.com,+60178936392,2022-06-19,Free,Monthly,0
CUST0440,Noah Muller,noah.muller78@nimbuswave.io,+60132983248,2025-10-26,Starter,Monthly,49
CUST0441,Casey Novak,casey.novak99@yahoo.com,+60125188125,2023-05-23,Pro,Monthly,199
CUST0442,Casey Nguyen,casey.nguyen98@nimbuswave.io,+60174742312,2024-03-27,Enterprise,Annual,1499
CUST0443,Riley Nguyen,riley.nguyen98@orbitpath.co,+60139330517,2023-02-28,Pro,Monthly,199
CUST0444,Casey Fischer,casey.fischer78@silverstone.com,+60126772233,2024-06-17,Pro,Monthly,199
CUST0445,Jordan Novak,jordan.novak98@gmail.com,+60133312797,2024-03-29,Enterprise,Annual,1499
CUST0446,Ines Silva,ines.silva59@icloud.com,+60109656999,2022-03-16,Starter,Monthly,49
CUST0447,Ethan Fischer,ethan.fischer83@swiftgrove.io,+601177038860,2023-08-21,Pro,Monthly,199
CUST0448,Ethan Okafor,ethan.okafor67@clearyard.com,+60147644726,2025-06-29,Enterprise,Annual,1499
CUST0449,Wei Reyes,wei.reyes7@swiftgrove.io,+60187181298,2025-10-04,Pro,Monthly,199
CUST0450,Casey Okafor,casey.okafor53@nimbuswave.io,+60189371452,2025-07-21,Starter,Monthly,49
CUST0451,Ines Garcia,ines.garcia12@outlook.com,+60161868926,2023-01-01,Pro,Monthly,199
CUST0452,Ethan Okafor,ethan.okafor6@yahoo.com,+60122220644,2023-05-21,Enterprise,Annual,1499
CUST0453,Kenji Hassan,kenji.hassan37@clearyard.com,+60123094077,2021-07-08,Starter,Monthly,49
CUST0454,Liam Mercer,liam.mercer1@orbitpath.co,+60139776719,2025-03-22,Enterprise,Annual,1499
CUST0455,Lucas Nguyen,lucas.nguyen32@cedarforge.io,+60193022050,2023-01-12,Starter,Monthly,49
CUST0456,Casey Smith,casey.smith86@orbitpath.co,+60161016224,2024-11-18,Pro,Monthly,199
CUST0457,Lucas Adeyemi,lucas.adeyemi89@swiftgrove.io,+60192795014,2022-02-21,Pro,Monthly,199
CUST0458,Fatima Chen,fatima.chen49@outlook.com,+60191472145,2021-10-29,Pro,Monthly,199
CUST0459,Sofia Novak,sofia.novak68@icloud.com,+60101981794,2023-02-15,Pro,Monthly,199
CUST0460,Noah Reyes,noah.reyes41@brightpeak.com,+60162997877,2023-01-23,Pro,Monthly,199
CUST0461,Riley Reyes,riley.reyes30@swiftgrove.io,+60101071396,2025-06-21,Starter,Monthly,49
CUST0462,Noah Smith,noah.smith43@nimbuswave.io,+60130344144,2022-12-25,Pro,Monthly,199
CUST0463,Sofia Mercer,sofia.mercer42@gmail.com,+60166990235,2024-09-08,Free,Monthly,0
CUST0464,Fatima Adeyemi,fatima.adeyemi62@silverstone.com,+60127278576,2022-12-08,Pro,Monthly,199
CUST0465,Kenji Smith,kenji.smith67@brightpeak.com,+60168803955,2022-10-03,Pro,Monthly,199
CUST0466,Taylor Kim,taylor.kim36@gmail.com,+60192996291,2024-06-14,Starter,Monthly,49
CUST0467,Wei Silva,wei.silva91@gmail.com,+60183574384,2026-01-26,Starter,Monthly,49
CUST0468,Riley Garcia,riley.garcia48@gmail.com,+601178078235,2021-06-08,Pro,Monthly,199
CUST0469,Liam Fischer,liam.fischer40@nimbuswave.io,+601182307681,2021-09-01,Free,Monthly,0
CUST0470,Alex Muller,alex.muller6@clearyard.com,+601157018409,2021-09-01,Pro,Monthly,199
CUST0471,Wei Whitfield,wei.whitfield27@nimbuswave.io,+60148571422,2024-12-13,Starter,Monthly,49
CUST0472,Priya Garcia,priya.garcia2@orbitpath.co,+60138585424,2025-12-25,Pro,Monthly,199
CUST0473,Maya Osei,maya.osei22@outlook.com,+60168702070,2021-07-21,Starter,Monthly,49
CUST0474,Morgan Okafor,morgan.okafor7@outlook.com,+60189545381,2025-07-21,Starter,Monthly,49
CUST0475,Ava Blake,ava.blake17@outlook.com,+60181747733,2022-08-22,Pro,Monthly,199
CUST0476,Casey Reyes,casey.reyes34@nimbuswave.io,+60165770171,2022-08-20,Starter,Monthly,49
CUST0477,Diego Larsen,diego.larsen60@yahoo.com,+60128161581,2024-08-08,Starter,Monthly,49
CUST0478,Wei Mercer,wei.mercer60@vertexlogix.co,+60138276153,2025-03-21,Pro,Monthly,199
CUST0480,Lucas Hassan,lucas.hassan42@cedarforge.io,+60124619196,2024-01-23,Free,Monthly,0
CUST0481,Fatima Larsen,fatima.larsen83@clearyard.com,+60129022784,2025-05-03,Free,Monthly,0
CUST0482,Olivia Reyes,olivia.reyes74@silverstone.com,+60164946519,2022-09-26,Starter,Monthly,49
CUST0483,Alex Reyes,alex.reyes66@vertexlogix.co,+60140580085,2021-10-11,Pro,Monthly,199
CUST0484,Morgan Muller,morgan.muller4@icloud.com,+60175666683,2023-04-01,Starter,Monthly,49
CUST0485,Omar Brown,omar.brown61@yahoo.com,+60166242201,2024-05-26,Starter,Monthly,49
CUST0486,Grace Nguyen,grace.nguyen19@swiftgrove.io,+60172126796,2022-11-13,Enterprise,Annual,1499
CUST0487,Lucas Brown,lucas.brown59@cedarforge.io,+60186532690,2021-12-16,Starter,Monthly,49
CUST0488,Maya Larsen,maya.larsen94@icloud.com,+60178950097,2025-01-17,Pro,Monthly,199
CUST0489,Ines Chen,ines.chen15@orbitpath.co,+601128478189,2022-09-07,Starter,Monthly,49
CUST0490,Taylor Osei,taylor.osei61@clearyard.com,+601189490580,2022-10-22,Pro,Monthly,199
CUST0491,Liam Hassan,liam.hassan66@silverstone.com,+60175442094,2024-09-12,Pro,Monthly,199
CUST0492,Kenji Blake,kenji.blake34@gmail.com,+60129049047,2023-04-25,Pro,Monthly,199
CUST0495,Fatima Patel,fatima.patel19@orbitpath.co,+60186637239,2025-09-10,Enterprise,Annual,1499
CUST0496,Kenji Chen,kenji.chen7@clearyard.com,+601102767478,2021-12-17,Starter,Monthly,49
CUST0497,Sam Okafor,sam.okafor88@swiftgrove.io,+60128604765,2025-01-31,Starter,Monthly,49
CUST0498,Sofia Adeyemi,sofia.adeyemi6@outlook.com,+60166945441,2022-12-25,Enterprise,Annual,1499
CUST0499,Priya Whitfield,priya.whitfield75@vertexlogix.co,+60139385258,2022-10-09,Starter,Monthly,49
CUST0500,Alex Adeyemi,alex.adeyemi2@outlook.com,+60191753443,2026-01-03,Free,Monthly,0
CUST0501,Jordan Nguyen,jordan.nguyen80@outlook.com,+60139111926,2023-03-24,Free,Monthly,0
CUST0502,Omar Whitfield,omar.whitfield73@yahoo.com,+60124471746,2022-08-28,Enterprise,Annual,1499
CUST0503,Ines Adeyemi,ines.adeyemi99@nimbuswave.io,+601140665044,2022-03-07,Starter,Monthly,49
CUST0504,Riley Hassan,riley.hassan9@silverstone.com,+60172712863,2025-06-07,Enterprise,Annual,1499
CUST0505,Lucas Whitfield,lucas.whitfield14@silverstone.com,+60101194707,2025-12-23,Pro,Monthly,199
CUST0506,Casey Whitfield,casey.whitfield82@gmail.com,+60174256908,2022-10-30,Enterprise,Annual,1499
CUST0507,Ines Larsen,ines.larsen62@vertexlogix.co,+601183067198,2022-06-23,Starter,Monthly,49
CUST0508,Diego Silva,diego.silva88@brightpeak.com,+601158517432,2023-01-05,Starter,Monthly,49
CUST0509,Ethan Smith,ethan.smith50@clearyard.com,+60171571732,2022-08-27,Starter,Monthly,49
CUST0510,Jordan Johansson,jordan.johansson4@swiftgrove.io,+60186184787,2025-03-21,Enterprise,Annual,1499
CUST0511,Alex Smith,alex.smith44@gmail.com,+60106138782,2022-07-07,Starter,Monthly,49
CUST0512,Kenji Blake,kenji.blake30@outlook.com,+60180790320,2025-10-06,Free,Monthly,0
CUST0513,Riley Whitfield,riley.whitfield7@brightpeak.com,+60189291117,2026-01-04,Pro,Monthly,199
CUST0514,Lucas Reyes,lucas.reyes29@outlook.com,+60166519825,2024-03-02,Pro,Monthly,199
CUST0515,Jamie Smith,jamie.smith76@yahoo.com,+60142625827,2025-11-17,Starter,Monthly,49
CUST0516,Sam Blake,sam.blake6@yahoo.com,+60172071002,2021-10-21,Free,Monthly,0
CUST0517,Taylor Whitfield,taylor.whitfield76@brightpeak.com,+60182324876,2022-01-11,Starter,Monthly,49
CUST0518,Sam Brown,sam.brown79@swiftgrove.io,+60189145608,2025-07-19,Free,Monthly,0
CUST0520,Jamie Garcia,jamie.garcia20@clearyard.com,+60187220054,2021-06-12,Pro,Monthly,199
CUST0521,Jamie Novak,jamie.novak33@nimbuswave.io,+60180108220,2021-07-26,Pro,Monthly,199
CUST0523,Morgan Silva,morgan.silva30@outlook.com,+60136317970,2024-03-30,Starter,Monthly,49
CUST0524,Noah Kim,noah.kim28@orbitpath.co,+60162735435,2024-05-20,Starter,Monthly,49
CUST0525,Casey Smith,casey.smith89@orbitpath.co,+601177625349,2025-10-16,Free,Monthly,0
CUST0526,Riley Whitfield,riley.whitfield79@yahoo.com,+60131687397,2023-06-16,Pro,Monthly,199
CUST0527,Ava Rossi,ava.rossi2@swiftgrove.io,+60133569392,2021-08-30,Starter,Monthly,49
CUST0528,Maya Nguyen,maya.nguyen54@gmail.com,+60190686717,2023-12-02,Free,Monthly,0
CUST0530,Liam Adeyemi,liam.adeyemi40@yahoo.com,+60107726257,2021-09-29,Pro,Monthly,199
CUST0531,Ines Whitfield,ines.whitfield1@clearyard.com,+60168046498,2021-07-19,Free,Monthly,0
CUST0532,Maya Johansson,maya.johansson88@outlook.com,+60108501657,2024-09-03,Pro,Monthly,199
CUST0533,Lucas Smith,lucas.smith47@nimbuswave.io,+601183253817,2023-06-04,Starter,Monthly,49
CUST0534,Kenji Blake,kenji.blake90@icloud.com,+60135548640,2022-04-16,Pro,Monthly,199
CUST0535,Taylor Chen,taylor.chen45@silverstone.com,+601178847951,2023-08-09,Starter,Monthly,49
CUST0536,Jamie Hassan,jamie.hassan12@outlook.com,+60141124127,2025-07-21,Starter,Monthly,49
CUST0537,Casey Johansson,casey.johansson67@clearyard.com,+60192756704,2024-03-21,Free,Monthly,0
CUST0538,Jamie Patel,jamie.patel3@icloud.com,+60166955798,2023-08-23,Pro,Monthly,199
CUST0539,Ethan Hassan,ethan.hassan59@brightpeak.com,+60142437540,2021-07-09,Pro,Monthly,199
CUST0540,Casey Chen,casey.chen37@silverstone.com,+60128422223,2023-02-02,Enterprise,Annual,1499
CUST0541,Morgan Smith,morgan.smith41@orbitpath.co,+60162380552,2025-02-04,Free,Monthly,0
CUST0542,Diego Hassan,diego.hassan70@yahoo.com,+60106727520,2025-11-16,Pro,Monthly,199
CUST0543,Kenji Mercer,kenji.mercer65@nimbuswave.io,+60184929751,2024-11-24,Pro,Monthly,199
CUST0544,Kenji Larsen,kenji.larsen6@yahoo.com,+60140693751,2025-11-25,Pro,Monthly,199
CUST0546,Sofia Okafor,sofia.okafor25@silverstone.com,+60190562656,2023-03-01,Starter,Monthly,49
CUST0547,Diego Nguyen,diego.nguyen37@nimbuswave.io,+60191376742,2024-01-22,Starter,Monthly,49
CUST0548,Kenji Novak,kenji.novak94@vertexlogix.co,+601123478519,2023-04-07,Free,Monthly,0
CUST0549,Olivia Patel,olivia.patel1@vertexlogix.co,+60172879232,2025-01-09,Pro,Monthly,199
CUST0550,Olivia Muller,olivia.muller71@silverstone.com,+60149478730,2021-12-03,Free,Monthly,0
CUST0551,Alex Kim,alex.kim34@brightpeak.com,+60181462730,2021-11-17,Enterprise,Annual,1499
CUST0552,Morgan Rossi,morgan.rossi64@outlook.com,+60189647158,2024-07-12,Pro,Monthly,199
CUST0553,Kenji Blake,kenji.blake3@brightpeak.com,+60125725204,2026-03-25,Starter,Monthly,49
CUST0554,Diego Novak,diego.novak82@nimbuswave.io,+60191832192,2024-12-02,Free,Monthly,0
CUST0555,Ethan Silva,ethan.silva41@clearyard.com,+60161895202,2025-01-13,Pro,Monthly,199
CUST0556,Sofia Muller,sofia.muller48@silverstone.com,+60121328338,2021-06-13,Starter,Monthly,49
CUST0557,Lucas Fischer,lucas.fischer69@swiftgrove.io,+601167112075,2022-04-26,Pro,Monthly,199
CUST0558,Wei Chen,wei.chen18@silverstone.com,+60195240132,2023-03-17,Enterprise,Annual,1499
CUST0559,Ines Kim,ines.kim89@icloud.com,+60121611076,2025-05-19,Starter,Monthly,49
CUST0560,Jordan Johansson,jordan.johansson14@gmail.com,+60107140140,2023-09-05,Pro,Monthly,199
CUST0561,Morgan Garcia,morgan.garcia78@icloud.com,+60125012495,2025-06-08,Pro,Monthly,199
CUST0562,Diego Brown,diego.brown65@swiftgrove.io,+601119083342,2023-09-22,Pro,Monthly,199
CUST0564,Olivia Novak,olivia.novak28@cedarforge.io,+60161718275,2025-12-03,Starter,Monthly,49
CUST0565,Ines Muller,ines.muller72@swiftgrove.io,+60181647947,2024-09-19,Free,Monthly,0
CUST0566,Sam Mercer,sam.mercer53@brightpeak.com,+60131752071,2024-02-27,Enterprise,Annual,1499
CUST0567,Olivia Hassan,olivia.hassan67@clearyard.com,+60126691215,2025-11-20,Pro,Monthly,199
CUST0568,Jamie Silva,jamie.silva26@orbitpath.co,+601136749946,2024-04-16,Pro,Monthly,199
CUST0569,Diego Larsen,diego.larsen86@orbitpath.co,+60194271147,2023-11-03,Enterprise,Annual,1499
CUST0570,Liam Osei,liam.osei81@yahoo.com,+60101702695,2022-06-02,Free,Monthly,0
CUST0571,Casey Muller,casey.muller80@orbitpath.co,+60197734778,2026-02-16,Free,Monthly,0
CUST0572,Priya Mercer,priya.mercer44@cedarforge.io,+60106167567,2022-04-10,Pro,Monthly,199
CUST0573,Ava Smith,ava.smith5@yahoo.com,+60142762467,2021-09-24,Pro,Monthly,199
CUST0574,Morgan Blake,morgan.blake87@silverstone.com,+60199778280,2022-09-18,Pro,Monthly,199
CUST0575,Olivia Rossi,olivia.rossi64@orbitpath.co,+60164500902,2023-02-05,Enterprise,Annual,1499
CUST0576,Diego Chen,diego.chen95@orbitpath.co,+60166165565,2021-07-23,Free,Monthly,0
CUST0577,Jordan Adeyemi,jordan.adeyemi32@icloud.com,+601114152085,2024-10-21,Starter,Monthly,49
CUST0578,Jordan Hassan,jordan.hassan85@vertexlogix.co,+60174079056,2021-07-02,Pro,Monthly,199
CUST0579,Maya Okafor,maya.okafor42@orbitpath.co,+601135785294,2023-10-26,Free,Monthly,0
CUST0580,Diego Novak,diego.novak26@silverstone.com,+601183440496,2022-02-21,Pro,Monthly,199
CUST0581,Sam Reyes,sam.reyes96@outlook.com,+601195419876,2023-04-25,Pro,Monthly,199
CUST0582,Jamie Chen,jamie.chen10@clearyard.com,+60146853664,2023-09-23,Pro,Monthly,199
CUST0583,Lucas Fischer,lucas.fischer59@clearyard.com,+60108297374,2025-07-18,Pro,Monthly,199
CUST0584,Grace Mercer,grace.mercer79@vertexlogix.co,+60108357232,2022-06-25,Enterprise,Annual,1499
CUST0585,Kenji Adeyemi,kenji.adeyemi98@brightpeak.com,+60161364424,2024-04-03,Pro,Monthly,199
CUST0586,Omar Reyes,omar.reyes31@vertexlogix.co,+60130347786,2025-09-18,Starter,Monthly,49
CUST0587,Noah Whitfield,noah.whitfield5@icloud.com,+60104482070,2025-10-16,Starter,Monthly,49
CUST0588,Jordan Patel,jordan.patel41@orbitpath.co,+60175162319,2026-03-14,Starter,Monthly,49
CUST0589,Kenji Fischer,kenji.fischer16@cedarforge.io,+60194713915,2023-04-21,Pro,Monthly,199
CUST0590,Fatima Blake,fatima.blake95@vertexlogix.co,+60136321234,2022-05-21,Pro,Monthly,199
CUST0591,Ava Novak,ava.novak33@orbitpath.co,+60161586734,2023-07-26,Free,Monthly,0
CUST0592,Casey Chen,casey.chen61@swiftgrove.io,+60109003486,2024-10-29,Starter,Monthly,49
CUST0593,Wei Whitfield,wei.whitfield90@nimbuswave.io,+601183760644,2022-09-18,Enterprise,Annual,1499
CUST0594,Taylor Osei,taylor.osei39@icloud.com,+60185604177,2025-08-28,Enterprise,Annual,1499
CUST0595,Kenji Novak,kenji.novak43@swiftgrove.io,+601124815698,2021-12-16,Starter,Monthly,49
CUST0596,Kenji Silva,kenji.silva59@swiftgrove.io,+60127206345,2026-04-07,Free,Monthly,0
CUST0597,Maya Patel,maya.patel15@yahoo.com,+60129657724,2022-07-22,Starter,Monthly,49
CUST0598,Riley Adeyemi,riley.adeyemi76@nimbuswave.io,+601165266930,2025-06-11,Pro,Monthly,199
CUST0599,Alex Mercer,alex.mercer83@orbitpath.co,+601173420696,2021-06-21,Pro,Monthly,199
CUST0600,Lucas Rossi,lucas.rossi20@outlook.com,+601108677133,2025-08-08,Enterprise,Annual,1499
CUST0601,Jamie Rossi,jamie.rossi37@swiftgrove.io,+60173934362,2025-10-29,Starter,Monthly,49
CUST0603,Casey Silva,casey.silva89@vertexlogix.co,+60176941180,2022-07-23,Pro,Monthly,199
CUST0604,Jordan Silva,jordan.silva31@silverstone.com,+60100489646,2023-02-27,Enterprise,Annual,1499
CUST0605,Omar Chen,omar.chen17@cedarforge.io,+60142875721,2025-07-20,Free,Monthly,0
CUST0606,Fatima Fischer,fatima.fischer56@yahoo.com,+60102745644,2024-10-19,Starter,Monthly,49
CUST0607,Lucas Rossi,lucas.rossi67@nimbuswave.io,+60167287032,2025-08-19,Starter,Monthly,49
CUST0608,Jordan Osei,jordan.osei24@gmail.com,+60186170758,2025-08-22,Starter,Monthly,49
CUST0609,Liam Hassan,liam.hassan64@outlook.com,+60121513422,2021-09-11,Pro,Monthly,199
CUST0610,Kenji Fischer,kenji.fischer35@orbitpath.co,+60139089261,2023-04-10,Enterprise,Annual,1499
CUST0611,Sam Larsen,sam.larsen87@outlook.com,+60141659152,2026-05-30,Enterprise,Annual,1499
CUST0612,Alex Patel,alex.patel59@swiftgrove.io,+60149050975,2024-01-05,Pro,Monthly,199
CUST0613,Kenji Blake,kenji.blake17@icloud.com,+60145018961,2022-01-23,Enterprise,Annual,1499
CUST0614,Olivia Rossi,olivia.rossi23@icloud.com,+60171032664,2021-09-14,Enterprise,Annual,1499
CUST0615,Grace Whitfield,grace.whitfield20@outlook.com,+60174925158,2022-01-24,Starter,Monthly,49
CUST0616,Jamie Larsen,jamie.larsen58@vertexlogix.co,+60171659266,2023-05-26,Starter,Monthly,49
CUST0617,Taylor Smith,taylor.smith66@nimbuswave.io,+60132788147,2022-10-06,Enterprise,Annual,1499
CUST0618,Noah Patel,noah.patel62@brightpeak.com,+60143864908,2025-11-03,Free,Monthly,0
CUST0619,Taylor Smith,taylor.smith66@outlook.com,+601179454918,2024-03-29,Pro,Monthly,199
CUST0620,Alex Garcia,alex.garcia95@clearyard.com,+60126016459,2022-02-23,Starter,Monthly,49
CUST0621,Kenji Hassan,kenji.hassan97@clearyard.com,+60145232194,2022-01-10,Starter,Monthly,49
CUST0622,Omar Garcia,omar.garcia56@cedarforge.io,+601102776974,2024-05-05,Free,Monthly,0
CUST0623,Lucas Reyes,lucas.reyes47@swiftgrove.io,+60174122031,2022-09-08,Pro,Monthly,199
CUST0624,Alex Johansson,alex.johansson4@icloud.com,+60136831472,2025-09-28,Starter,Monthly,49
CUST0625,Liam Novak,liam.novak3@outlook.com,+60187707933,2025-09-13,Starter,Monthly,49
CUST0627,Liam Okafor,liam.okafor63@cedarforge.io,+60183080695,2023-02-16,Pro,Monthly,199
CUST0628,Ethan Patel,ethan.patel35@clearyard.com,+601179576024,2023-11-26,Starter,Monthly,49
CUST0629,Kenji Johansson,kenji.johansson61@nimbuswave.io,+60139597246,2023-09-17,Starter,Monthly,49
CUST0630,Noah Adeyemi,noah.adeyemi84@swiftgrove.io,+60129341722,2023-11-28,Starter,Monthly,49
CUST0631,Jamie Brown,jamie.brown78@silverstone.com,+60184338005,2024-03-23,Free,Monthly,0
CUST0632,Priya Chen,priya.chen87@yahoo.com,+60190156193,2021-09-26,Starter,Monthly,49
CUST0633,Morgan Mercer,morgan.mercer29@silverstone.com,+60160842891,2024-08-25,Starter,Monthly,49
CUST0634,Ines Smith,ines.smith57@silverstone.com,+601119918081,2022-04-27,Enterprise,Annual,1499
CUST0635,Riley Whitfield,riley.whitfield16@icloud.com,+60147871255,2025-09-04,Enterprise,Annual,1499
CUST0636,Casey Garcia,casey.garcia26@silverstone.com,+60103754821,2022-03-30,Enterprise,Annual,1499
CUST0637,Priya Chen,priya.chen92@vertexlogix.co,+60132863266,2022-10-30,Starter,Monthly,49
CUST0640,Wei Silva,wei.silva45@gmail.com,+60199267389,2021-07-05,Pro,Monthly,199
CUST0641,Lucas Whitfield,lucas.whitfield57@swiftgrove.io,+60173410856,2022-01-02,Starter,Monthly,49
CUST0642,Kenji Kim,kenji.kim67@cedarforge.io,+60198485200,2026-01-13,Starter,Monthly,49
CUST0643,Ethan Blake,ethan.blake34@icloud.com,+60178105485,2024-11-07,Pro,Monthly,199
CUST0644,Morgan Smith,morgan.smith97@clearyard.com,+60149075399,2024-01-15,Enterprise,Annual,1499
CUST0645,Ines Whitfield,ines.whitfield86@cedarforge.io,+60164492683,2025-03-31,Pro,Monthly,199
CUST0646,Morgan Silva,morgan.silva67@orbitpath.co,+60167126611,2022-03-11,Starter,Monthly,49
CUST0647,Jordan Novak,jordan.novak17@silverstone.com,+60168698864,2026-02-13,Starter,Monthly,49
CUST0648,Maya Larsen,maya.larsen82@vertexlogix.co,+60186228277,2022-09-10,Enterprise,Annual,1499
CUST0649,Casey Fischer,casey.fischer68@outlook.com,+60180285196,2024-01-02,Pro,Monthly,199
CUST0650,Morgan Garcia,morgan.garcia48@orbitpath.co,+60121545447,2023-08-17,Starter,Monthly,49
CUST0651,Alex Kim,alex.kim19@orbitpath.co,+60144327018,2021-07-17,Starter,Monthly,49
CUST0652,Diego Patel,diego.patel6@vertexlogix.co,+60185679228,2024-10-26,Starter,Monthly,49
CUST0653,Grace Hassan,grace.hassan98@silverstone.com,+60161996636,2025-09-20,Pro,Monthly,199
CUST0654,Fatima Mercer,fatima.mercer6@clearyard.com,+60141209481,2022-06-06,Enterprise,Annual,1499
CUST0655,Grace Mercer,grace.mercer11@icloud.com,+60109837801,2023-07-09,Enterprise,Annual,1499
CUST0656,Omar Mercer,omar.mercer24@gmail.com,+60139718956,2025-05-27,Starter,Monthly,49
CUST0657,Maya Smith,maya.smith63@gmail.com,+60170856411,2025-07-18,Starter,Monthly,49
CUST0658,Morgan Mercer,morgan.mercer22@brightpeak.com,+601124620952,2025-02-14,Free,Monthly,0
CUST0659,Alex Smith,alex.smith39@vertexlogix.co,+60175461033,2025-10-04,Free,Monthly,0
CUST0661,Taylor Larsen,taylor.larsen4@vertexlogix.co,+60104891382,2021-08-03,Pro,Monthly,199
CUST0662,Wei Blake,wei.blake53@silverstone.com,+60193258238,2022-12-28,Free,Monthly,0
CUST0663,Noah Mercer,noah.mercer58@gmail.com,+60142007494,2023-12-14,Free,Monthly,0
CUST0664,Omar Okafor,omar.okafor45@clearyard.com,+60194028914,2021-11-04,Starter,Monthly,49
CUST0666,Grace Rossi,grace.rossi97@swiftgrove.io,+60165379502,2025-03-06,Starter,Monthly,49
CUST0667,Grace Nguyen,grace.nguyen78@silverstone.com,+60126876811,2026-07-03,Free,Monthly,0
CUST0668,Ethan Nguyen,ethan.nguyen86@silverstone.com,+60179562017,2024-07-30,Pro,Monthly,199
CUST0670,Liam Chen,liam.chen5@brightpeak.com,+60130361498,2022-08-11,Starter,Monthly,49
CUST0671,Liam Brown,liam.brown71@icloud.com,+60121921249,2023-05-21,Pro,Monthly,199
CUST0672,Sam Fischer,sam.fischer94@brightpeak.com,+60108948706,2022-10-03,Starter,Monthly,49
CUST0673,Grace Adeyemi,grace.adeyemi84@gmail.com,+60176418775,2024-09-29,Enterprise,Annual,1499
CUST0674,Sofia Smith,sofia.smith93@icloud.com,+60197506351,2024-03-14,Free,Monthly,0
CUST0676,Liam Novak,liam.novak4@orbitpath.co,+60143173505,2024-09-06,Pro,Monthly,199
CUST0677,Sofia Osei,sofia.osei10@orbitpath.co,+601179110065,2022-04-10,Pro,Monthly,199
CUST0678,Ines Patel,ines.patel17@gmail.com,+60104961108,2024-01-29,Enterprise,Annual,1499
CUST0679,Jordan Muller,jordan.muller49@vertexlogix.co,+60173990767,2022-05-04,Free,Monthly,0
CUST0680,Noah Reyes,noah.reyes80@outlook.com,+60107859311,2022-10-08,Starter,Monthly,49
CUST0681,Alex Reyes,alex.reyes92@outlook.com,+60139284567,2021-11-04,Pro,Monthly,199
CUST0682,Kenji Reyes,kenji.reyes57@yahoo.com,+60100249685,2022-02-01,Starter,Monthly,49
CUST0683,Wei Blake,wei.blake70@yahoo.com,+60164508920,2024-10-28,Free,Monthly,0
CUST0684,Sam Fischer,sam.fischer72@gmail.com,+60133153779,2025-06-17,Starter,Monthly,49
CUST0685,Ines Silva,ines.silva75@orbitpath.co,+60146521707,2023-02-07,Enterprise,Annual,1499
CUST0686,Sam Nguyen,sam.nguyen82@icloud.com,+60133756362,2023-12-10,Pro,Monthly,199
CUST0687,Alex Chen,alex.chen2@outlook.com,+601124739500,2023-06-12,Starter,Monthly,49
CUST0688,Jamie Johansson,jamie.johansson37@yahoo.com,+60125832302,2025-02-01,Starter,Monthly,49
CUST0689,Priya Garcia,priya.garcia3@clearyard.com,+601153473552,2022-11-19,Free,Monthly,0
CUST0690,Sofia Reyes,sofia.reyes56@swiftgrove.io,+60123386559,2025-09-30,Free,Monthly,0
CUST0691,Noah Whitfield,noah.whitfield32@gmail.com,+60138425304,2023-04-07,Pro,Monthly,199
CUST0692,Casey Fischer,casey.fischer75@silverstone.com,+60189128685,2026-02-06,Starter,Monthly,49
CUST0693,Liam Fischer,liam.fischer60@yahoo.com,+60197774969,2024-06-17,Starter,Monthly,49
CUST0694,Grace Smith,grace.smith27@icloud.com,+60136346692,2024-01-09,Enterprise,Annual,1499
CUST0695,Diego Rossi,diego.rossi71@outlook.com,+60147853907,2026-01-31,Free,Monthly,0
CUST0696,Sofia Reyes,sofia.reyes44@vertexlogix.co,+60175754602,2024-02-18,Starter,Monthly,49
CUST0697,Ava Osei,ava.osei34@clearyard.com,+601148881431,2021-07-02,Free,Monthly,0
CUST0698,Morgan Patel,morgan.patel47@gmail.com,+60135444392,2024-09-07,Pro,Monthly,199
CUST0699,Ines Mercer,ines.mercer34@gmail.com,+60166690782,2024-12-22,Pro,Monthly,199
CUST0700,Olivia Osei,olivia.osei30@swiftgrove.io,+60138987751,2023-11-24,Pro,Monthly,199
CUST0701,Fatima Johansson,fatima.johansson55@swiftgrove.io,+60188052924,2024-02-05,Starter,Monthly,49
CUST0702,Kenji Nguyen,kenji.nguyen64@clearyard.com,+60136668459,2024-08-26,Pro,Monthly,199
CUST0703,Alex Blake,alex.blake5@yahoo.com,+60176361863,2024-09-14,Starter,Monthly,49
CUST0704,Liam Garcia,liam.garcia43@orbitpath.co,+60141218209,2022-12-22,Enterprise,Annual,1499
CUST0705,Liam Nguyen,liam.nguyen24@icloud.com,+60143348170,2024-05-23,Free,Monthly,0
CUST0707,Kenji Patel,kenji.patel50@icloud.com,+60146729949,2025-05-27,Free,Monthly,0
CUST0708,Jamie Fischer,jamie.fischer92@clearyard.com,+60102716938,2025-06-04,Starter,Monthly,49
CUST0709,Fatima Blake,fatima.blake63@silverstone.com,+601147546926,2026-05-03,Starter,Monthly,49
CUST0710,Sam Brown,sam.brown80@swiftgrove.io,+60129160324,2024-05-26,Starter,Monthly,49
CUST0711,Grace Mercer,grace.mercer38@clearyard.com,+60137681511,2022-08-23,Enterprise,Annual,1499
CUST0712,Sofia Silva,sofia.silva53@silverstone.com,+60190701765,2025-05-24,Starter,Monthly,49
CUST0713,Kenji Okafor,kenji.okafor25@vertexlogix.co,+601125777118,2025-02-24,Free,Monthly,0
CUST0714,Omar Osei,omar.osei92@silverstone.com,+60142209124,2021-12-15,Free,Monthly,0
CUST0715,Morgan Mercer,morgan.mercer95@vertexlogix.co,+60104275230,2022-10-16,Starter,Monthly,49
CUST0716,Omar Mercer,omar.mercer28@silverstone.com,+60191647090,2021-11-12,Pro,Monthly,199
CUST0717,Jordan Okafor,jordan.okafor99@icloud.com,+60133106005,2024-06-15,Enterprise,Annual,1499
CUST0718,Jamie Adeyemi,jamie.adeyemi86@outlook.com,+601122068155,2021-08-11,Starter,Monthly,49
CUST0719,Ethan Whitfield,ethan.whitfield25@orbitpath.co,+60176133155,2023-07-09,Starter,Monthly,49
CUST0720,Riley Nguyen,riley.nguyen52@clearyard.com,+60137314950,2024-05-16,Starter,Monthly,49
CUST0721,Taylor Johansson,taylor.johansson53@brightpeak.com,+601189241956,2023-10-03,Pro,Monthly,199
CUST0722,Omar Kim,omar.kim43@yahoo.com,+60167150997,2021-08-07,Pro,Monthly,199
CUST0723,Olivia Fischer,olivia.fischer82@swiftgrove.io,+60103091436,2023-04-06,Starter,Monthly,49
CUST0724,Sam Reyes,sam.reyes11@gmail.com,+60143263039,2023-10-05,Free,Monthly,0
CUST0725,Ava Silva,ava.silva18@brightpeak.com,+60108640355,2022-02-22,Starter,Monthly,49
CUST0726,Sam Johansson,sam.johansson70@gmail.com,+60133968527,2022-10-30,Enterprise,Annual,1499
CUST0727,Grace Nguyen,grace.nguyen9@silverstone.com,+60102321298,2025-06-23,Free,Monthly,0
CUST0728,Jamie Osei,jamie.osei65@outlook.com,+60142336293,2023-12-09,Starter,Monthly,49
CUST0729,Wei Muller,wei.muller74@silverstone.com,+60147156627,2025-06-05,Enterprise,Annual,1499
CUST0731,Ethan Kim,ethan.kim71@swiftgrove.io,+60184746897,2024-06-03,Starter,Monthly,49
CUST0733,Olivia Chen,olivia.chen50@silverstone.com,+601160169236,2023-04-05,Starter,Monthly,49
CUST0734,Priya Chen,priya.chen66@swiftgrove.io,+60160663370,2022-09-11,Starter,Monthly,49
CUST0735,Diego Whitfield,diego.whitfield91@clearyard.com,+60124972439,2022-10-28,Free,Monthly,0
CUST0736,Maya Adeyemi,maya.adeyemi21@gmail.com,+60176918362,2026-01-14,Free,Monthly,0
CUST0737,Noah Rossi,noah.rossi89@brightpeak.com,+60179461195,2023-07-27,Pro,Monthly,199
CUST0738,Casey Rossi,casey.rossi96@icloud.com,+60140270116,2024-04-28,Enterprise,Annual,1499
CUST0739,Sofia Novak,sofia.novak84@brightpeak.com,+60125223728,2025-08-07,Pro,Monthly,199
CUST0740,Morgan Hassan,morgan.hassan73@icloud.com,+60123467912,2026-03-24,Starter,Monthly,49
CUST0741,Taylor Muller,taylor.muller11@vertexlogix.co,+60160937710,2026-03-13,Free,Monthly,0
CUST0742,Jordan Rossi,jordan.rossi97@gmail.com,+60101380698,2022-02-17,Pro,Monthly,199
CUST0743,Priya Larsen,priya.larsen61@nimbuswave.io,+60165535669,2024-09-01,Pro,Monthly,199
CUST0744,Jordan Chen,jordan.chen43@outlook.com,+60172091843,2021-09-04,Free,Monthly,0
CUST0745,Diego Hassan,diego.hassan80@clearyard.com,+60196305050,2023-11-22,Pro,Monthly,199
CUST0746,Kenji Silva,kenji.silva87@silverstone.com,+60179156716,2023-11-03,Starter,Monthly,49
CUST0747,Wei Reyes,wei.reyes25@swiftgrove.io,+60190271487,2023-08-22,Free,Monthly,0
CUST0748,Riley Hassan,riley.hassan15@silverstone.com,+60133211602,2025-03-16,Pro,Monthly,199
CUST0749,Fatima Okafor,fatima.okafor99@brightpeak.com,+60181287153,2025-02-10,Starter,Monthly,49
